{
    "Tool": {
        "Run SpineOpt": {
            "execution_settings": {
                "kernel_spec_name": "julia-1.10",
                "env": "",
                "use_jupyter_console": false,
                "executable": "",
                "project": "C:/spinetools/environments/jenv"
            }
        },
        "Load template": {
            "execution_settings": {}
        },
        "Run SpineOpt detached": {
            "execution_settings": {}
        }
    }
}