{
    "Tool": {
        "Run SpineOpt": {
            "execution_settings": {
                "kernel_spec_name": "",
                "env": "",
                "use_jupyter_console": false,
                "executable": "",
                "project": "C:/spinetools/enviroments/jenv"
            }
        },
        "Load template": {
            "execution_settings": {
                "kernel_spec_name": "",
                "env": "",
                "use_jupyter_console": false,
                "executable": "",
                "project": "C:/spinetools/enviroments/jenv"
            }
        },
        "Run SpineOpt detached": {
            "execution_settings": {}
        }
    }
}