{
    "Tool": {
        "Run SpineOpt": {
            "execution_settings": {
                "kernel_spec_name": "",
                "env": "",
                "use_jupyter_console": false,
                "executable": "C:\\Users\\gabri\\AppData\\Local\\julias\\bin\\julia-1.11.cmd",
                "project": ""
            }
        },
        "Load template": {
            "execution_settings": {
                "kernel_spec_name": "",
                "env": "",
                "use_jupyter_console": false,
                "executable": "C:\\Users\\gabri\\AppData\\Local\\julias\\bin\\julia-1.11.cmd",
                "project": ""
            }
        },
        "Run SpineOpt detached": {
            "execution_settings": {}
        }
    }
}