{
    "name": "Indata",
    "item_type": "Importer",
    "mapping": {
        "table_mappings": {
            "Blad1": [
                {
                    "Mapping 1": {
                        "mapping": [
                            {
                                "map_type": "EntityClass",
                                "position": "hidden"
                            },
                            {
                                "map_type": "Entity",
                                "position": -1
                            },
                            {
                                "map_type": "EntityMetadata",
                                "position": "hidden"
                            }
                        ]
                    }
                }
            ],
            "Blad2": [
                {
                    "Mapping 1": {
                        "mapping": [
                            {
                                "map_type": "EntityClass",
                                "position": "hidden"
                            },
                            {
                                "map_type": "Entity",
                                "position": -1
                            },
                            {
                                "map_type": "EntityMetadata",
                                "position": "hidden"
                            }
                        ]
                    }
                }
            ]
        },
        "selected_tables": [
            "Blad1",
            "Blad2"
        ],
        "table_options": {
            "Blad1": {
                "header": false
            },
            "Blad2": {}
        },
        "table_types": {
            "Blad1": {
                "0": "string"
            },
            "Blad2": {
                "0": "string"
            }
        },
        "table_default_column_type": {},
        "table_row_types": {
            "Blad1": {
                "0": "string"
            },
            "Blad2": {
                "0": "string"
            }
        },
        "source_type": "ExcelReader"
    },
    "description": ""
}