{
    "name": "importer",
    "item_type": "Importer",
    "mapping": {
        "table_mappings": {
            "Nodes": [
                {
                    "node__commodity": {
                        "mapping": [
                            {
                                "map_type": "EntityClass",
                                "position": "header",
                                "value": 2
                            },
                            {
                                "map_type": "Dimension",
                                "position": "header",
                                "value": 0
                            },
                            {
                                "map_type": "Dimension",
                                "position": "header",
                                "value": 1
                            },
                            {
                                "map_type": "Entity",
                                "position": "hidden",
                                "value": "relationship"
                            },
                            {
                                "map_type": "Element",
                                "position": 0,
                                "import_entities": true
                            },
                            {
                                "map_type": "Element",
                                "position": 1,
                                "import_entities": true
                            },
                            {
                                "map_type": "EntityMetadata",
                                "position": "hidden"
                            }
                        ]
                    }
                }
            ],
            "Connections": [
                {
                    "insert_connections": {
                        "mapping": [
                            {
                                "map_type": "EntityClass",
                                "position": "header",
                                "value": 0
                            },
                            {
                                "map_type": "Entity",
                                "position": 3
                            },
                            {
                                "map_type": "EntityMetadata",
                                "position": "hidden"
                            }
                        ]
                    }
                },
                {
                    "connection__to_node": {
                        "mapping": [
                            {
                                "map_type": "EntityClass",
                                "position": "header",
                                "value": 3
                            },
                            {
                                "map_type": "Dimension",
                                "position": "header",
                                "value": 0
                            },
                            {
                                "map_type": "Dimension",
                                "position": "header",
                                "value": 1
                            },
                            {
                                "map_type": "Entity",
                                "position": "hidden",
                                "value": "relationship"
                            },
                            {
                                "map_type": "Element",
                                "position": 0,
                                "import_entities": true
                            },
                            {
                                "map_type": "Element",
                                "position": 1,
                                "import_entities": true
                            },
                            {
                                "map_type": "EntityMetadata",
                                "position": "hidden"
                            }
                        ]
                    }
                }
            ],
            "Cost_of_electricity": [
                {
                    "vom_cost": {
                        "mapping": [
                            {
                                "map_type": "EntityClass",
                                "position": "hidden",
                                "value": "unit__from_node"
                            },
                            {
                                "map_type": "Dimension",
                                "position": "hidden",
                                "value": "unit"
                            },
                            {
                                "map_type": "Dimension",
                                "position": "hidden",
                                "value": "node"
                            },
                            {
                                "map_type": "Entity",
                                "position": "hidden",
                                "value": "relationship"
                            },
                            {
                                "map_type": "Element",
                                "position": "hidden",
                                "value": "electricity_load",
                                "import_entities": true
                            },
                            {
                                "map_type": "Element",
                                "position": "hidden",
                                "value": "electricity_node",
                                "import_entities": true
                            },
                            {
                                "map_type": "EntityMetadata",
                                "position": "hidden"
                            },
                            {
                                "map_type": "ParameterDefinition",
                                "position": "header"
                            },
                            {
                                "map_type": "Alternative",
                                "position": "hidden",
                                "value": "Base"
                            },
                            {
                                "map_type": "ParameterValueMetadata",
                                "position": "hidden"
                            },
                            {
                                "map_type": "ParameterValueType",
                                "position": "hidden",
                                "value": "time_series"
                            },
                            {
                                "map_type": "IndexName",
                                "position": "hidden"
                            },
                            {
                                "map_type": "ParameterValueIndex",
                                "position": 0
                            },
                            {
                                "map_type": "ExpandedValue",
                                "position": 1
                            }
                        ]
                    }
                }
            ],
            "Units": [
                {
                    "unit__from_to": {
                        "mapping": [
                            {
                                "map_type": "EntityClass",
                                "position": 0
                            },
                            {
                                "map_type": "Dimension",
                                "position": "header",
                                "value": 1
                            },
                            {
                                "map_type": "Dimension",
                                "position": "header",
                                "value": 2
                            },
                            {
                                "map_type": "Entity",
                                "position": "hidden",
                                "value": "relationship"
                            },
                            {
                                "map_type": "Element",
                                "position": 1,
                                "import_entities": true
                            },
                            {
                                "map_type": "Element",
                                "position": 2,
                                "import_entities": true
                            },
                            {
                                "map_type": "EntityMetadata",
                                "position": "hidden"
                            }
                        ]
                    }
                }
            ],
            "node_parameter_values": [
                {
                    "node_parameter_values_demand": {
                        "mapping": [
                            {
                                "map_type": "EntityClass",
                                "position": 0
                            },
                            {
                                "map_type": "Entity",
                                "position": 1
                            },
                            {
                                "map_type": "EntityMetadata",
                                "position": "hidden"
                            },
                            {
                                "map_type": "ParameterDefinition",
                                "position": 2
                            },
                            {
                                "map_type": "Alternative",
                                "position": 3
                            },
                            {
                                "map_type": "ParameterValueMetadata",
                                "position": "hidden"
                            },
                            {
                                "map_type": "ParameterValue",
                                "position": 4
                            }
                        ]
                    }
                },
                {
                    "node_parameter_values_node_state": {
                        "mapping": [
                            {
                                "map_type": "EntityClass",
                                "position": 0
                            },
                            {
                                "map_type": "Entity",
                                "position": 1
                            },
                            {
                                "map_type": "EntityMetadata",
                                "position": "hidden"
                            },
                            {
                                "map_type": "ParameterDefinition",
                                "position": 5
                            },
                            {
                                "map_type": "Alternative",
                                "position": 3
                            },
                            {
                                "map_type": "ParameterValueMetadata",
                                "position": "hidden"
                            },
                            {
                                "map_type": "ParameterValue",
                                "position": 6
                            }
                        ]
                    }
                },
                {
                    "node_parameter_values_has_state": {
                        "mapping": [
                            {
                                "map_type": "EntityClass",
                                "position": 0
                            },
                            {
                                "map_type": "Entity",
                                "position": 1
                            },
                            {
                                "map_type": "EntityMetadata",
                                "position": "hidden"
                            },
                            {
                                "map_type": "ParameterDefinition",
                                "position": 7
                            },
                            {
                                "map_type": "Alternative",
                                "position": 3
                            },
                            {
                                "map_type": "ParameterValueMetadata",
                                "position": "hidden"
                            },
                            {
                                "map_type": "ParameterValue",
                                "position": 8
                            }
                        ]
                    }
                },
                {
                    "node_parameter_values_state_cap": {
                        "mapping": [
                            {
                                "map_type": "EntityClass",
                                "position": 0
                            },
                            {
                                "map_type": "Entity",
                                "position": 1
                            },
                            {
                                "map_type": "EntityMetadata",
                                "position": "hidden"
                            },
                            {
                                "map_type": "ParameterDefinition",
                                "position": 9
                            },
                            {
                                "map_type": "Alternative",
                                "position": 3
                            },
                            {
                                "map_type": "ParameterValueMetadata",
                                "position": "hidden"
                            },
                            {
                                "map_type": "ParameterValue",
                                "position": 10
                            }
                        ]
                    }
                },
                {
                    "node_parameter_values_state_coef": {
                        "mapping": [
                            {
                                "map_type": "EntityClass",
                                "position": 0
                            },
                            {
                                "map_type": "Entity",
                                "position": 1
                            },
                            {
                                "map_type": "EntityMetadata",
                                "position": "hidden"
                            },
                            {
                                "map_type": "ParameterDefinition",
                                "position": 11
                            },
                            {
                                "map_type": "Alternative",
                                "position": 3
                            },
                            {
                                "map_type": "ParameterValueMetadata",
                                "position": "hidden"
                            },
                            {
                                "map_type": "ParameterValue",
                                "position": 12
                            }
                        ]
                    }
                }
            ],
            "Resolution": [
                {
                    "temporal_block": {
                        "mapping": [
                            {
                                "map_type": "EntityClass",
                                "position": 0
                            },
                            {
                                "map_type": "Entity",
                                "position": 1
                            },
                            {
                                "map_type": "EntityMetadata",
                                "position": "hidden"
                            }
                        ]
                    }
                },
                {
                    "resolution": {
                        "mapping": [
                            {
                                "map_type": "EntityClass",
                                "position": 0
                            },
                            {
                                "map_type": "Entity",
                                "position": 1
                            },
                            {
                                "map_type": "EntityMetadata",
                                "position": "hidden"
                            },
                            {
                                "map_type": "ParameterDefinition",
                                "position": 2
                            },
                            {
                                "map_type": "Alternative",
                                "position": 3
                            },
                            {
                                "map_type": "ParameterValueMetadata",
                                "position": "hidden"
                            },
                            {
                                "map_type": "ParameterValue",
                                "position": 4
                            }
                        ]
                    }
                }
            ],
            "Connection_parameters": [
                {
                    "connection_parameter_values": {
                        "mapping": [
                            {
                                "map_type": "EntityClass",
                                "position": 0
                            },
                            {
                                "map_type": "Dimension",
                                "position": "hidden",
                                "value": "connection"
                            },
                            {
                                "map_type": "Dimension",
                                "position": "hidden",
                                "value": "node"
                            },
                            {
                                "map_type": "Dimension",
                                "position": "hidden",
                                "value": "node"
                            },
                            {
                                "map_type": "Entity",
                                "position": "hidden",
                                "value": "relationship"
                            },
                            {
                                "map_type": "Element",
                                "position": 1
                            },
                            {
                                "map_type": "Element",
                                "position": 2
                            },
                            {
                                "map_type": "Element",
                                "position": 3
                            },
                            {
                                "map_type": "EntityMetadata",
                                "position": "hidden"
                            },
                            {
                                "map_type": "ParameterDefinition",
                                "position": 4
                            },
                            {
                                "map_type": "Alternative",
                                "position": 5
                            },
                            {
                                "map_type": "ParameterValueMetadata",
                                "position": "hidden"
                            },
                            {
                                "map_type": "ParameterValue",
                                "position": 6
                            }
                        ]
                    }
                },
                {
                    "connection_parameter_values_2": {
                        "mapping": [
                            {
                                "map_type": "EntityClass",
                                "position": 0
                            },
                            {
                                "map_type": "Dimension",
                                "position": "hidden",
                                "value": "connection"
                            },
                            {
                                "map_type": "Dimension",
                                "position": "hidden",
                                "value": "node"
                            },
                            {
                                "map_type": "Dimension",
                                "position": "hidden",
                                "value": "node"
                            },
                            {
                                "map_type": "Entity",
                                "position": "hidden",
                                "value": "relationship"
                            },
                            {
                                "map_type": "Element",
                                "position": 1
                            },
                            {
                                "map_type": "Element",
                                "position": 2
                            },
                            {
                                "map_type": "Element",
                                "position": 3
                            },
                            {
                                "map_type": "EntityMetadata",
                                "position": "hidden"
                            },
                            {
                                "map_type": "ParameterDefinition",
                                "position": 7
                            },
                            {
                                "map_type": "Alternative",
                                "position": 5
                            },
                            {
                                "map_type": "ParameterValueMetadata",
                                "position": "hidden"
                            },
                            {
                                "map_type": "ParameterValue",
                                "position": 8
                            }
                        ]
                    }
                }
            ],
            "Connection_parameters_from": [
                {
                    "connection_parameter_values_from": {
                        "mapping": [
                            {
                                "map_type": "EntityClass",
                                "position": 0
                            },
                            {
                                "map_type": "Dimension",
                                "position": "hidden",
                                "value": "connection"
                            },
                            {
                                "map_type": "Dimension",
                                "position": "hidden",
                                "value": "node"
                            },
                            {
                                "map_type": "Entity",
                                "position": "hidden",
                                "value": "relationship"
                            },
                            {
                                "map_type": "Element",
                                "position": 1
                            },
                            {
                                "map_type": "Element",
                                "position": 2
                            },
                            {
                                "map_type": "EntityMetadata",
                                "position": "hidden"
                            }
                        ]
                    }
                }
            ],
            "Unit_parameters": [
                {
                    "unit_parameter_values_from_to": {
                        "mapping": [
                            {
                                "map_type": "EntityClass",
                                "position": 0
                            },
                            {
                                "map_type": "Dimension",
                                "position": "hidden",
                                "value": "unit"
                            },
                            {
                                "map_type": "Dimension",
                                "position": "hidden",
                                "value": "node"
                            },
                            {
                                "map_type": "Entity",
                                "position": "hidden",
                                "value": "relationship"
                            },
                            {
                                "map_type": "Element",
                                "position": 1
                            },
                            {
                                "map_type": "Element",
                                "position": 2
                            },
                            {
                                "map_type": "EntityMetadata",
                                "position": "hidden"
                            },
                            {
                                "map_type": "ParameterDefinition",
                                "position": 3
                            },
                            {
                                "map_type": "Alternative",
                                "position": 4
                            },
                            {
                                "map_type": "ParameterValueMetadata",
                                "position": "hidden"
                            },
                            {
                                "map_type": "ParameterValue",
                                "position": 5
                            }
                        ]
                    }
                },
                {
                    "ramp_stuff": {
                        "mapping": [
                            {
                                "map_type": "EntityClass",
                                "position": 25,
                                "read_start_row": 4
                            },
                            {
                                "map_type": "Dimension",
                                "position": "hidden",
                                "value": "unit"
                            },
                            {
                                "map_type": "Dimension",
                                "position": "hidden",
                                "value": "node"
                            },
                            {
                                "map_type": "Entity",
                                "position": "hidden",
                                "value": "relationship"
                            },
                            {
                                "map_type": "Element",
                                "position": 26
                            },
                            {
                                "map_type": "Element",
                                "position": 27
                            },
                            {
                                "map_type": "EntityMetadata",
                                "position": "hidden"
                            },
                            {
                                "map_type": "ParameterDefinition",
                                "position": 28
                            },
                            {
                                "map_type": "Alternative",
                                "position": 29
                            },
                            {
                                "map_type": "ParameterValueMetadata",
                                "position": "hidden"
                            },
                            {
                                "map_type": "ParameterValue",
                                "position": 30
                            }
                        ]
                    }
                }
            ],
            "Unit_node_node_parameters": [
                {
                    "unit_node_node_par": {
                        "mapping": [
                            {
                                "map_type": "EntityClass",
                                "position": 0
                            },
                            {
                                "map_type": "Dimension",
                                "position": "hidden",
                                "value": "unit"
                            },
                            {
                                "map_type": "Dimension",
                                "position": "hidden",
                                "value": "node"
                            },
                            {
                                "map_type": "Dimension",
                                "position": "hidden",
                                "value": "node"
                            },
                            {
                                "map_type": "Entity",
                                "position": "hidden",
                                "value": "relationship"
                            },
                            {
                                "map_type": "Element",
                                "position": 1,
                                "import_entities": true
                            },
                            {
                                "map_type": "Element",
                                "position": 2
                            },
                            {
                                "map_type": "Element",
                                "position": 3
                            },
                            {
                                "map_type": "EntityMetadata",
                                "position": "hidden"
                            },
                            {
                                "map_type": "ParameterDefinition",
                                "position": 4
                            },
                            {
                                "map_type": "Alternative",
                                "position": 5
                            },
                            {
                                "map_type": "ParameterValueMetadata",
                                "position": "hidden"
                            },
                            {
                                "map_type": "ParameterValue",
                                "position": 6
                            }
                        ]
                    }
                }
            ],
            "Model_parameters": [
                {
                    "model_relationships": {
                        "mapping": [
                            {
                                "map_type": "EntityClass",
                                "position": 0
                            },
                            {
                                "map_type": "Dimension",
                                "position": 1
                            },
                            {
                                "map_type": "Dimension",
                                "position": 2
                            },
                            {
                                "map_type": "Entity",
                                "position": "hidden",
                                "value": "relationship"
                            },
                            {
                                "map_type": "Element",
                                "position": 3,
                                "import_entities": true
                            },
                            {
                                "map_type": "Element",
                                "position": 4,
                                "import_entities": true
                            },
                            {
                                "map_type": "EntityMetadata",
                                "position": "hidden"
                            }
                        ]
                    }
                },
                {
                    "report_outputs": {
                        "mapping": [
                            {
                                "map_type": "EntityClass",
                                "position": "header",
                                "value": 12
                            },
                            {
                                "map_type": "Dimension",
                                "position": "header",
                                "value": 10
                            },
                            {
                                "map_type": "Dimension",
                                "position": "header",
                                "value": 11
                            },
                            {
                                "map_type": "Entity",
                                "position": "hidden",
                                "value": "relationship"
                            },
                            {
                                "map_type": "Element",
                                "position": 10
                            },
                            {
                                "map_type": "Element",
                                "position": 11
                            },
                            {
                                "map_type": "EntityMetadata",
                                "position": "hidden"
                            }
                        ]
                    }
                },
                {
                    "model_horizon": {
                        "mapping": [
                            {
                                "map_type": "EntityClass",
                                "position": 5
                            },
                            {
                                "map_type": "Entity",
                                "position": 6
                            },
                            {
                                "map_type": "EntityMetadata",
                                "position": "hidden"
                            },
                            {
                                "map_type": "ParameterDefinition",
                                "position": 7
                            },
                            {
                                "map_type": "Alternative",
                                "position": 8
                            },
                            {
                                "map_type": "ParameterValueMetadata",
                                "position": "hidden"
                            },
                            {
                                "map_type": "ParameterValue",
                                "position": 9
                            }
                        ]
                    }
                }
            ],
            "model": [],
            "Prislista": [
                {
                    "Mapping 1": {
                        "mapping": [
                            {
                                "map_type": "EntityClass",
                                "position": "hidden"
                            },
                            {
                                "map_type": "Entity",
                                "position": "hidden"
                            },
                            {
                                "map_type": "EntityMetadata",
                                "position": "hidden"
                            }
                        ]
                    }
                },
                {
                    "User_Constraint_units-sence": {
                        "mapping": [
                            {
                                "map_type": "EntityClass",
                                "position": 7
                            },
                            {
                                "map_type": "Entity",
                                "position": 8
                            },
                            {
                                "map_type": "EntityMetadata",
                                "position": "hidden"
                            },
                            {
                                "map_type": "ParameterDefinition",
                                "position": 12
                            },
                            {
                                "map_type": "Alternative",
                                "position": 10
                            },
                            {
                                "map_type": "ParameterValueMetadata",
                                "position": "hidden"
                            },
                            {
                                "map_type": "ParameterValue",
                                "position": 13
                            }
                        ]
                    }
                },
                {
                    "User_Constraint_units": {
                        "mapping": [
                            {
                                "map_type": "EntityClass",
                                "position": 7
                            },
                            {
                                "map_type": "Entity",
                                "position": 8
                            },
                            {
                                "map_type": "EntityMetadata",
                                "position": "hidden"
                            },
                            {
                                "map_type": "ParameterDefinition",
                                "position": 9
                            },
                            {
                                "map_type": "Alternative",
                                "position": 10
                            },
                            {
                                "map_type": "ParameterValueMetadata",
                                "position": "hidden"
                            },
                            {
                                "map_type": "ParameterValue",
                                "position": 11
                            }
                        ]
                    }
                },
                {
                    "connection_user": {
                        "mapping": [
                            {
                                "map_type": "EntityClass",
                                "position": 0
                            },
                            {
                                "map_type": "Dimension",
                                "position": "header",
                                "value": 1
                            },
                            {
                                "map_type": "Dimension",
                                "position": "header",
                                "value": 2
                            },
                            {
                                "map_type": "Dimension",
                                "position": "header",
                                "value": 3
                            },
                            {
                                "map_type": "Entity",
                                "position": "hidden",
                                "value": "relationship"
                            },
                            {
                                "map_type": "Element",
                                "position": 1,
                                "import_entities": true
                            },
                            {
                                "map_type": "Element",
                                "position": 2,
                                "import_entities": true
                            },
                            {
                                "map_type": "Element",
                                "position": 3,
                                "import_entities": true
                            },
                            {
                                "map_type": "EntityMetadata",
                                "position": "hidden"
                            },
                            {
                                "map_type": "ParameterDefinition",
                                "position": 4
                            },
                            {
                                "map_type": "Alternative",
                                "position": 5
                            },
                            {
                                "map_type": "ParameterValueMetadata",
                                "position": "hidden"
                            },
                            {
                                "map_type": "ParameterValue",
                                "position": 6
                            }
                        ]
                    }
                },
                {
                    "User_Constraint": {
                        "mapping": [
                            {
                                "map_type": "EntityClass",
                                "position": 0
                            },
                            {
                                "map_type": "Entity",
                                "position": 1
                            },
                            {
                                "map_type": "EntityMetadata",
                                "position": "hidden"
                            },
                            {
                                "map_type": "ParameterDefinition",
                                "position": 2
                            },
                            {
                                "map_type": "Alternative",
                                "position": 3
                            },
                            {
                                "map_type": "ParameterValueMetadata",
                                "position": "hidden"
                            },
                            {
                                "map_type": "ParameterValue",
                                "position": 4
                            }
                        ]
                    }
                },
                {
                    "User_Constraint-sence": {
                        "mapping": [
                            {
                                "map_type": "EntityClass",
                                "position": 0
                            },
                            {
                                "map_type": "Entity",
                                "position": 1
                            },
                            {
                                "map_type": "EntityMetadata",
                                "position": "hidden"
                            },
                            {
                                "map_type": "ParameterDefinition",
                                "position": 5
                            },
                            {
                                "map_type": "Alternative",
                                "position": 3
                            },
                            {
                                "map_type": "ParameterValueMetadata",
                                "position": "hidden"
                            },
                            {
                                "map_type": "ParameterValue",
                                "position": 6
                            }
                        ]
                    }
                },
                {
                    "unit_user_constraints": {
                        "mapping": [
                            {
                                "map_type": "EntityClass",
                                "position": 7
                            },
                            {
                                "map_type": "Dimension",
                                "position": "header",
                                "value": 8
                            },
                            {
                                "map_type": "Dimension",
                                "position": "header",
                                "value": 9
                            },
                            {
                                "map_type": "Dimension",
                                "position": "header",
                                "value": 10
                            },
                            {
                                "map_type": "Entity",
                                "position": "hidden",
                                "value": "relationship"
                            },
                            {
                                "map_type": "Element",
                                "position": 8,
                                "import_entities": true
                            },
                            {
                                "map_type": "Element",
                                "position": 9,
                                "import_entities": true
                            },
                            {
                                "map_type": "Element",
                                "position": 10,
                                "import_entities": true
                            },
                            {
                                "map_type": "EntityMetadata",
                                "position": "hidden"
                            },
                            {
                                "map_type": "ParameterDefinition",
                                "position": 11
                            },
                            {
                                "map_type": "Alternative",
                                "position": 12
                            },
                            {
                                "map_type": "ParameterValueMetadata",
                                "position": "hidden"
                            },
                            {
                                "map_type": "ParameterValue",
                                "position": 13
                            }
                        ]
                    }
                }
            ],
            "Unit_parameters2": [
                {
                    "unit_parameter_values_from_to_2": {
                        "mapping": [
                            {
                                "map_type": "EntityClass",
                                "position": 0
                            },
                            {
                                "map_type": "Dimension",
                                "position": "hidden",
                                "value": "unit"
                            },
                            {
                                "map_type": "Dimension",
                                "position": "hidden",
                                "value": "node"
                            },
                            {
                                "map_type": "Entity",
                                "position": "hidden",
                                "value": "relationship"
                            },
                            {
                                "map_type": "Element",
                                "position": 1
                            },
                            {
                                "map_type": "Element",
                                "position": 2
                            },
                            {
                                "map_type": "EntityMetadata",
                                "position": "hidden"
                            },
                            {
                                "map_type": "ParameterDefinition",
                                "position": 6
                            },
                            {
                                "map_type": "Alternative",
                                "position": 4
                            },
                            {
                                "map_type": "ParameterValueMetadata",
                                "position": "hidden"
                            },
                            {
                                "map_type": "ParameterValue",
                                "position": 8
                            }
                        ]
                    }
                }
            ],
            "Connection_User_constraint": [
                {
                    "connection_user_constraint": {
                        "mapping": [
                            {
                                "map_type": "EntityClass",
                                "position": 0
                            },
                            {
                                "map_type": "Dimension",
                                "position": "header",
                                "value": 1
                            },
                            {
                                "map_type": "Dimension",
                                "position": "header",
                                "value": 2
                            },
                            {
                                "map_type": "Dimension",
                                "position": "header",
                                "value": 3
                            },
                            {
                                "map_type": "Entity",
                                "position": "hidden",
                                "value": "relationship"
                            },
                            {
                                "map_type": "Element",
                                "position": 1,
                                "import_entities": true
                            },
                            {
                                "map_type": "Element",
                                "position": 2,
                                "import_entities": true
                            },
                            {
                                "map_type": "Element",
                                "position": 3,
                                "import_entities": true
                            },
                            {
                                "map_type": "EntityMetadata",
                                "position": "hidden"
                            },
                            {
                                "map_type": "ParameterDefinition",
                                "position": 4
                            },
                            {
                                "map_type": "Alternative",
                                "position": 5
                            },
                            {
                                "map_type": "ParameterValueMetadata",
                                "position": "hidden"
                            },
                            {
                                "map_type": "ParameterValue",
                                "position": 6
                            }
                        ]
                    }
                }
            ],
            "User_Constraint_right": [
                {
                    "User_Constraint-sence": {
                        "mapping": [
                            {
                                "map_type": "EntityClass",
                                "position": 0
                            },
                            {
                                "map_type": "Entity",
                                "position": 1
                            },
                            {
                                "map_type": "EntityMetadata",
                                "position": "hidden"
                            },
                            {
                                "map_type": "ParameterDefinition",
                                "position": 5
                            },
                            {
                                "map_type": "Alternative",
                                "position": 3
                            },
                            {
                                "map_type": "ParameterValueMetadata",
                                "position": "hidden"
                            },
                            {
                                "map_type": "ParameterValue",
                                "position": 6
                            }
                        ]
                    }
                },
                {
                    "User_Constraint": {
                        "mapping": [
                            {
                                "map_type": "EntityClass",
                                "position": 0
                            },
                            {
                                "map_type": "Entity",
                                "position": 1
                            },
                            {
                                "map_type": "EntityMetadata",
                                "position": "hidden"
                            },
                            {
                                "map_type": "ParameterDefinition",
                                "position": 2
                            },
                            {
                                "map_type": "Alternative",
                                "position": 3
                            },
                            {
                                "map_type": "ParameterValueMetadata",
                                "position": "hidden"
                            },
                            {
                                "map_type": "ParameterValue",
                                "position": 7
                            }
                        ]
                    }
                }
            ],
            "SP": [
                {
                    "Mapping 1": {
                        "mapping": [
                            {
                                "map_type": "EntityClass",
                                "position": "hidden"
                            },
                            {
                                "map_type": "Entity",
                                "position": "hidden"
                            },
                            {
                                "map_type": "EntityMetadata",
                                "position": "hidden"
                            }
                        ]
                    }
                }
            ],
            "Data": [
                {
                    "Mapping 1": {
                        "mapping": [
                            {
                                "map_type": "EntityClass",
                                "position": "hidden"
                            },
                            {
                                "map_type": "Entity",
                                "position": "hidden"
                            },
                            {
                                "map_type": "EntityMetadata",
                                "position": "hidden"
                            }
                        ]
                    }
                }
            ],
            "Visuals": [
                {
                    "Mapping 1": {
                        "mapping": [
                            {
                                "map_type": "EntityClass",
                                "position": "hidden"
                            },
                            {
                                "map_type": "Entity",
                                "position": "hidden"
                            },
                            {
                                "map_type": "EntityMetadata",
                                "position": "hidden"
                            }
                        ]
                    }
                }
            ]
        },
        "selected_tables": [
            "Nodes",
            "Connections",
            "Units",
            "node_parameter_values",
            "Resolution",
            "Connection_parameters",
            "Connection_parameters_from",
            "Unit_parameters",
            "Unit_node_node_parameters",
            "Model_parameters",
            "Unit_parameters2",
            "Connection_User_constraint",
            "User_Constraint_right"
        ],
        "table_options": {
            "model": {},
            "Cost_of_electricity": {
                "row": 0,
                "header": true
            },
            "Units": {
                "header": true,
                "max_rows": 200
            },
            "Unit_parameters": {},
            "Unit_node_node_parameters": {
                "header": false
            },
            "Nodes": {
                "row": 0,
                "header": true
            },
            "node_parameter_values": {},
            "Connections": {
                "row": 0,
                "header": true
            },
            "Connection_parameters_from": {
                "row": 0
            },
            "Connection_parameters": {},
            "Model_parameters": {
                "header": true
            },
            "Resolution": {},
            "Prislista": {},
            "Unit_parameters2": {},
            "User_Constraint_right": {},
            "Connection_User_constraint": {
                "header": true
            },
            "SP": {},
            "Data": {},
            "Visuals": {}
        },
        "table_types": {
            "model": {
                "0": "string",
                "1": "string",
                "2": "string",
                "3": "string",
                "4": "string",
                "5": "string",
                "6": "string",
                "7": "string",
                "8": "string",
                "9": "string",
                "10": "string",
                "11": "string",
                "12": "string",
                "13": "string",
                "14": "string",
                "15": "string",
                "16": "string",
                "17": "string",
                "18": "string",
                "19": "string",
                "20": "string",
                "21": "string",
                "22": "string",
                "23": "string",
                "24": "string",
                "25": "string",
                "26": "string",
                "27": "string",
                "28": "string",
                "29": "string",
                "30": "string",
                "31": "string",
                "32": "string",
                "33": "string",
                "34": "string"
            },
            "Cost_of_electricity": {
                "0": "string",
                "1": "float",
                "2": "string",
                "3": "string",
                "4": "string",
                "5": "string",
                "6": "string",
                "7": "string",
                "8": "string",
                "9": "string",
                "10": "string",
                "11": "string",
                "12": "string",
                "13": "string",
                "14": "string",
                "15": "string",
                "16": "string",
                "17": "string",
                "18": "string",
                "19": "string",
                "20": "string",
                "21": "string",
                "22": "string",
                "23": "string",
                "24": "string",
                "25": "string",
                "26": "string",
                "27": "string",
                "28": "string",
                "29": "string"
            },
            "Units": {
                "0": "string",
                "1": "string",
                "2": "string",
                "3": "string",
                "4": "string",
                "5": "string",
                "6": "string",
                "7": "float",
                "8": "string",
                "9": "string",
                "10": "string",
                "11": "string",
                "12": "string",
                "13": "string",
                "14": "string",
                "15": "string",
                "16": "string",
                "17": "string",
                "18": "string",
                "19": "string",
                "20": "string",
                "21": "string",
                "22": "string",
                "23": "string",
                "24": "string",
                "25": "string",
                "26": "string",
                "27": "string",
                "28": "string",
                "29": "string",
                "30": "string"
            },
            "Unit_parameters": {
                "0": "string",
                "1": "string",
                "2": "string",
                "3": "string",
                "4": "string",
                "5": "float",
                "6": "string",
                "7": "string",
                "8": "string",
                "9": "string",
                "10": "string",
                "11": "float",
                "12": "float",
                "13": "string",
                "14": "string",
                "15": "string",
                "16": "string",
                "17": "string",
                "18": "string",
                "19": "string",
                "20": "string",
                "21": "string",
                "22": "string",
                "23": "string",
                "24": "string",
                "25": "string",
                "26": "string",
                "27": "string",
                "28": "string",
                "29": "string",
                "30": "string",
                "31": "string",
                "32": "string",
                "33": "string",
                "34": "string",
                "35": "string",
                "36": "string",
                "37": "string",
                "38": "string"
            },
            "Unit_node_node_parameters": {
                "0": "string",
                "1": "string",
                "2": "string",
                "3": "string",
                "4": "string",
                "5": "string",
                "6": "string",
                "7": "string",
                "8": "string",
                "9": "string"
            },
            "Nodes": {
                "0": "string",
                "1": "string",
                "2": "string"
            },
            "node_parameter_values": {
                "0": "string",
                "1": "string",
                "2": "string",
                "3": "string",
                "4": "string",
                "5": "string",
                "6": "string",
                "7": "string",
                "8": "boolean",
                "9": "string",
                "10": "float",
                "11": "string",
                "12": "float",
                "13": "string",
                "14": "string",
                "15": "string",
                "16": "string",
                "17": "string",
                "18": "string",
                "19": "string",
                "20": "string",
                "21": "string",
                "22": "string",
                "23": "string",
                "24": "string"
            },
            "Connections": {
                "0": "string",
                "1": "string",
                "2": "string",
                "3": "string",
                "4": "string"
            },
            "Connection_parameters_from": {
                "0": "string",
                "1": "string",
                "2": "string",
                "3": "string",
                "4": "string",
                "5": "string",
                "6": "string",
                "7": "string",
                "8": "string",
                "9": "string",
                "10": "string",
                "11": "string",
                "12": "string",
                "13": "string",
                "14": "string",
                "15": "string",
                "16": "string",
                "17": "float",
                "18": "string",
                "19": "string",
                "20": "string",
                "21": "string",
                "22": "string",
                "23": "string"
            },
            "Connection_parameters": {
                "0": "string",
                "1": "string",
                "2": "string",
                "3": "string",
                "4": "string",
                "5": "string",
                "6": "string",
                "7": "string",
                "8": "float",
                "9": "string",
                "10": "string",
                "11": "string",
                "12": "string"
            },
            "Model_parameters": {
                "0": "string",
                "1": "string",
                "2": "string",
                "3": "string",
                "4": "string",
                "5": "string",
                "6": "string",
                "7": "string",
                "8": "string",
                "9": "string",
                "10": "string",
                "11": "string",
                "12": "string",
                "13": "string",
                "14": "string"
            },
            "Resolution": {
                "0": "string",
                "1": "string",
                "2": "string",
                "3": "string",
                "4": "string",
                "5": "string",
                "6": "string",
                "7": "string"
            },
            "Prislista": {
                "0": "string",
                "1": "string",
                "2": "string",
                "3": "string",
                "4": "string",
                "5": "string"
            },
            "Unit_parameters2": {
                "0": "string",
                "1": "string",
                "2": "string",
                "3": "string",
                "4": "string",
                "5": "string",
                "6": "string",
                "7": "string",
                "8": "string",
                "9": "string",
                "10": "string",
                "11": "string",
                "12": "string",
                "13": "string"
            },
            "User_Constraint_right": {
                "0": "string",
                "1": "string",
                "2": "string",
                "3": "string",
                "4": "float",
                "5": "string",
                "6": "string",
                "7": "string",
                "8": "string",
                "9": "string",
                "10": "string",
                "11": "string",
                "12": "string",
                "13": "string",
                "14": "string",
                "15": "string",
                "16": "string",
                "17": "string",
                "18": "string",
                "19": "string",
                "20": "string",
                "21": "string",
                "22": "string"
            },
            "Connection_User_constraint": {
                "0": "string",
                "1": "string",
                "2": "string",
                "3": "string",
                "4": "string",
                "5": "string",
                "6": "float",
                "7": "string",
                "8": "string",
                "9": "string",
                "10": "string",
                "11": "string",
                "12": "string",
                "13": "float"
            },
            "Data": {
                "0": "string",
                "1": "string",
                "2": "string",
                "3": "string",
                "4": "string",
                "5": "string",
                "6": "string",
                "7": "string",
                "8": "string",
                "9": "string",
                "10": "string",
                "11": "string",
                "12": "string",
                "13": "string"
            },
            "SP": {
                "0": "string",
                "1": "string",
                "2": "string",
                "3": "string",
                "4": "string",
                "5": "string",
                "6": "string",
                "7": "string",
                "8": "string",
                "9": "string",
                "10": "string",
                "11": "string",
                "12": "string",
                "13": "string",
                "14": "string",
                "15": "string",
                "16": "string",
                "17": "string",
                "18": "string",
                "19": "string",
                "20": "string",
                "21": "string",
                "22": "string",
                "23": "string",
                "24": "string",
                "25": "string",
                "26": "string",
                "27": "string",
                "28": "string",
                "29": "string",
                "30": "string",
                "31": "string",
                "32": "string",
                "33": "string",
                "34": "string",
                "35": "string",
                "36": "string",
                "37": "string",
                "38": "string"
            }
        },
        "table_default_column_type": {},
        "table_row_types": {
            "Connections": {
                "8": "string"
            }
        },
        "source_type": "ExcelConnector"
    },
    "description": ""
}