{
    "name": "importer",
    "item_type": "Importer",
    "mapping": {
        "table_mappings": {
            "Initialize": [
                {
                    "Mapping (1)": {
                        "mapping": [
                            {
                                "map_type": "EntityClass",
                                "position": 0
                            },
                            {
                                "map_type": "Entity",
                                "position": 1
                            },
                            {
                                "map_type": "EntityMetadata",
                                "position": "hidden"
                            }
                        ]
                    }
                }
            ],
            "Node_parameters": [
                {
                    "demand": {
                        "mapping": [
                            {
                                "map_type": "EntityClass",
                                "position": 0
                            },
                            {
                                "map_type": "Entity",
                                "position": 1
                            },
                            {
                                "map_type": "EntityMetadata",
                                "position": "hidden"
                            },
                            {
                                "map_type": "Alternative",
                                "position": 2
                            },
                            {
                                "map_type": "ParameterDefinition",
                                "position": 3
                            },
                            {
                                "map_type": "ParameterValueMetadata",
                                "position": "hidden"
                            },
                            {
                                "map_type": "ParameterValue",
                                "position": 4
                            }
                        ]
                    }
                },
                {
                    "has_state": {
                        "mapping": [
                            {
                                "map_type": "EntityClass",
                                "position": 0
                            },
                            {
                                "map_type": "Entity",
                                "position": 1
                            },
                            {
                                "map_type": "EntityMetadata",
                                "position": "hidden"
                            },
                            {
                                "map_type": "Alternative",
                                "position": 2
                            },
                            {
                                "map_type": "ParameterDefinition",
                                "position": 7
                            },
                            {
                                "map_type": "ParameterValueMetadata",
                                "position": "hidden"
                            },
                            {
                                "map_type": "ParameterValue",
                                "position": 8
                            }
                        ]
                    }
                },
                {
                    "node_state_cap": {
                        "mapping": [
                            {
                                "map_type": "EntityClass",
                                "position": 0
                            },
                            {
                                "map_type": "Entity",
                                "position": 1
                            },
                            {
                                "map_type": "EntityMetadata",
                                "position": "hidden"
                            },
                            {
                                "map_type": "Alternative",
                                "position": 2
                            },
                            {
                                "map_type": "ParameterDefinition",
                                "position": 9
                            },
                            {
                                "map_type": "ParameterValueMetadata",
                                "position": "hidden"
                            },
                            {
                                "map_type": "ParameterValue",
                                "position": 10
                            }
                        ]
                    }
                }
            ],
            "Node_commodity": [
                {
                    "node_commodity": {
                        "mapping": [
                            {
                                "map_type": "EntityClass",
                                "position": 0
                            },
                            {
                                "map_type": "Dimension",
                                "position": "header",
                                "value": 1
                            },
                            {
                                "map_type": "Dimension",
                                "position": "header",
                                "value": 2
                            },
                            {
                                "map_type": "Entity",
                                "position": "hidden"
                            },
                            {
                                "map_type": "Element",
                                "position": 1
                            },
                            {
                                "map_type": "Element",
                                "position": 2
                            },
                            {
                                "map_type": "EntityMetadata",
                                "position": "hidden"
                            },
                            {
                                "map_type": "Alternative",
                                "position": "hidden"
                            },
                            {
                                "map_type": "ParameterDefinition",
                                "position": "hidden"
                            },
                            {
                                "map_type": "ParameterValueMetadata",
                                "position": "hidden"
                            },
                            {
                                "map_type": "ParameterValue",
                                "position": "hidden"
                            }
                        ]
                    }
                }
            ],
            "Model": [
                {
                    "Mapping 1": {
                        "mapping": [
                            {
                                "map_type": "EntityClass",
                                "position": 0
                            },
                            {
                                "map_type": "Dimension",
                                "position": 1
                            },
                            {
                                "map_type": "Dimension",
                                "position": 2
                            },
                            {
                                "map_type": "Entity",
                                "position": "hidden"
                            },
                            {
                                "map_type": "Element",
                                "position": 3
                            },
                            {
                                "map_type": "Element",
                                "position": 4
                            },
                            {
                                "map_type": "EntityMetadata",
                                "position": "hidden"
                            }
                        ]
                    }
                },
                {
                    "Mapping (1)": {
                        "mapping": [
                            {
                                "map_type": "EntityClass",
                                "position": "header",
                                "value": 12
                            },
                            {
                                "map_type": "Dimension",
                                "position": "header",
                                "value": 10
                            },
                            {
                                "map_type": "Dimension",
                                "position": "header",
                                "value": 11
                            },
                            {
                                "map_type": "Entity",
                                "position": "hidden"
                            },
                            {
                                "map_type": "Element",
                                "position": 10
                            },
                            {
                                "map_type": "Element",
                                "position": 11
                            },
                            {
                                "map_type": "EntityMetadata",
                                "position": "hidden"
                            }
                        ]
                    }
                },
                {
                    "Mapping (2)": {
                        "mapping": [
                            {
                                "map_type": "EntityClass",
                                "position": 5
                            },
                            {
                                "map_type": "Entity",
                                "position": 6
                            },
                            {
                                "map_type": "EntityMetadata",
                                "position": "hidden"
                            },
                            {
                                "map_type": "Alternative",
                                "position": 8
                            },
                            {
                                "map_type": "ParameterDefinition",
                                "position": 7
                            },
                            {
                                "map_type": "ParameterValueMetadata",
                                "position": "hidden"
                            },
                            {
                                "map_type": "ParameterValue",
                                "position": 9
                            }
                        ]
                    }
                }
            ],
            "Unit__fromto_node": [
                {
                    "unit_form_node and unit_to_node": {
                        "mapping": [
                            {
                                "map_type": "EntityClass",
                                "position": 0
                            },
                            {
                                "map_type": "Dimension",
                                "position": "header",
                                "value": 1
                            },
                            {
                                "map_type": "Dimension",
                                "position": "header",
                                "value": 2
                            },
                            {
                                "map_type": "Entity",
                                "position": "hidden"
                            },
                            {
                                "map_type": "Element",
                                "position": 1
                            },
                            {
                                "map_type": "Element",
                                "position": 2
                            },
                            {
                                "map_type": "EntityMetadata",
                                "position": "hidden"
                            },
                            {
                                "map_type": "Alternative",
                                "position": 4
                            },
                            {
                                "map_type": "ParameterDefinition",
                                "position": 3
                            },
                            {
                                "map_type": "ParameterValueMetadata",
                                "position": "hidden"
                            },
                            {
                                "map_type": "ParameterValue",
                                "position": 5
                            }
                        ]
                    }
                }
            ],
            "unit_node_node": [
                {
                    "unit_node_node": {
                        "mapping": [
                            {
                                "map_type": "EntityClass",
                                "position": 0
                            },
                            {
                                "map_type": "Dimension",
                                "position": "header",
                                "value": 1
                            },
                            {
                                "map_type": "Dimension",
                                "position": "header",
                                "value": 2
                            },
                            {
                                "map_type": "Dimension",
                                "position": "header",
                                "value": 3
                            },
                            {
                                "map_type": "Entity",
                                "position": "hidden"
                            },
                            {
                                "map_type": "Element",
                                "position": 1
                            },
                            {
                                "map_type": "Element",
                                "position": 2
                            },
                            {
                                "map_type": "Element",
                                "position": 3
                            },
                            {
                                "map_type": "EntityMetadata",
                                "position": "hidden"
                            },
                            {
                                "map_type": "Alternative",
                                "position": 5
                            },
                            {
                                "map_type": "ParameterDefinition",
                                "position": 4
                            },
                            {
                                "map_type": "ParameterValueMetadata",
                                "position": "hidden"
                            },
                            {
                                "map_type": "ParameterValue",
                                "position": 6
                            }
                        ]
                    }
                }
            ],
            "Connections_parameters_from": [
                {
                    "Mapping 1": {
                        "mapping": [
                            {
                                "map_type": "EntityClass",
                                "position": "header",
                                "value": 0
                            },
                            {
                                "map_type": "Dimension",
                                "position": "header",
                                "value": 1
                            },
                            {
                                "map_type": "Dimension",
                                "position": "header",
                                "value": 2
                            },
                            {
                                "map_type": "Entity",
                                "position": "hidden"
                            },
                            {
                                "map_type": "Element",
                                "position": 1
                            },
                            {
                                "map_type": "Element",
                                "position": 2
                            },
                            {
                                "map_type": "EntityMetadata",
                                "position": "hidden"
                            },
                            {
                                "map_type": "Alternative",
                                "position": "hidden"
                            },
                            {
                                "map_type": "ParameterDefinition",
                                "position": "hidden"
                            },
                            {
                                "map_type": "ParameterValueMetadata",
                                "position": "hidden"
                            },
                            {
                                "map_type": "ParameterValue",
                                "position": "hidden"
                            }
                        ]
                    }
                }
            ],
            "connection__node__node": [
                {
                    "connection_node_node": {
                        "mapping": [
                            {
                                "map_type": "EntityClass",
                                "position": 0
                            },
                            {
                                "map_type": "Dimension",
                                "position": "header",
                                "value": 1
                            },
                            {
                                "map_type": "Dimension",
                                "position": "header",
                                "value": 2
                            },
                            {
                                "map_type": "Dimension",
                                "position": "header",
                                "value": 3
                            },
                            {
                                "map_type": "Entity",
                                "position": "hidden"
                            },
                            {
                                "map_type": "Element",
                                "position": 1
                            },
                            {
                                "map_type": "Element",
                                "position": 2
                            },
                            {
                                "map_type": "Element",
                                "position": 3
                            },
                            {
                                "map_type": "EntityMetadata",
                                "position": "hidden"
                            },
                            {
                                "map_type": "Alternative",
                                "position": 5
                            },
                            {
                                "map_type": "ParameterDefinition",
                                "position": 4
                            },
                            {
                                "map_type": "ParameterValueMetadata",
                                "position": "hidden"
                            },
                            {
                                "map_type": "ParameterValue",
                                "position": 6
                            }
                        ]
                    }
                }
            ],
            "Parametrar": [
                {
                    "Mapping 1": {
                        "mapping": [
                            {
                                "map_type": "EntityClass",
                                "position": "hidden"
                            },
                            {
                                "map_type": "Entity",
                                "position": "hidden"
                            },
                            {
                                "map_type": "EntityMetadata",
                                "position": "hidden"
                            }
                        ]
                    }
                }
            ],
            "Prislista": [
                {
                    "Mapping 1": {
                        "mapping": [
                            {
                                "map_type": "EntityClass",
                                "position": "hidden",
                                "value": "unit__from_node"
                            },
                            {
                                "map_type": "Dimension",
                                "position": "hidden",
                                "value": "unit"
                            },
                            {
                                "map_type": "Dimension",
                                "position": "hidden",
                                "value": "node"
                            },
                            {
                                "map_type": "Entity",
                                "position": "hidden"
                            },
                            {
                                "map_type": "Element",
                                "position": "hidden",
                                "value": "el_pris_test"
                            },
                            {
                                "map_type": "Element",
                                "position": "hidden",
                                "value": "electricity_node"
                            },
                            {
                                "map_type": "EntityMetadata",
                                "position": "hidden"
                            },
                            {
                                "map_type": "Alternative",
                                "position": "hidden",
                                "value": "Base"
                            },
                            {
                                "map_type": "ParameterDefinition",
                                "position": "hidden",
                                "value": "vom_cost"
                            },
                            {
                                "map_type": "ParameterValueMetadata",
                                "position": "hidden"
                            },
                            {
                                "map_type": "ParameterValueType",
                                "position": "hidden",
                                "value": "time_series"
                            },
                            {
                                "map_type": "IndexName",
                                "position": "hidden"
                            },
                            {
                                "map_type": "ParameterValueIndex",
                                "position": 0
                            },
                            {
                                "map_type": "ExpandedValue",
                                "position": 1
                            }
                        ]
                    }
                }
            ],
            "README": [
                {
                    "Mapping 1": {
                        "mapping": [
                            {
                                "map_type": "EntityClass",
                                "position": "hidden"
                            },
                            {
                                "map_type": "Entity",
                                "position": "hidden"
                            },
                            {
                                "map_type": "EntityMetadata",
                                "position": "hidden"
                            }
                        ]
                    }
                }
            ],
            "Connection_parameters": [
                {
                    "Mapping 1": {
                        "mapping": [
                            {
                                "map_type": "EntityClass",
                                "position": "hidden"
                            },
                            {
                                "map_type": "Entity",
                                "position": "hidden"
                            },
                            {
                                "map_type": "EntityMetadata",
                                "position": "hidden"
                            }
                        ]
                    }
                }
            ]
        },
        "selected_tables": [
            "Prislista"
        ],
        "table_options": {
            "Node_parameters": {
                "header": true
            },
            "unit_node_node": {
                "header": true
            },
            "connection__node__node": {
                "header": true
            },
            "Model": {
                "header": true,
                "max_rows": 5
            },
            "Node_commodity": {
                "header": true
            },
            "Unit__fromto_node": {
                "header": true,
                "column": 0,
                "row": 1,
                "read_until_row": false,
                "max_rows": -1
            },
            "Initialize": {
                "header": false,
                "row": 1
            },
            "README": {},
            "Prislista": {
                "header": true
            },
            "Parametrar": {},
            "Connections_parameters_from": {
                "header": true
            },
            "Connection_parameters": {}
        },
        "table_types": {
            "Node_parameters": {
                "0": "string",
                "1": "string",
                "2": "string",
                "3": "string",
                "4": "string",
                "5": "string",
                "6": "string",
                "7": "string",
                "8": "boolean",
                "9": "string",
                "10": "float"
            },
            "Unit__fromto_node": {
                "0": "string",
                "1": "string",
                "2": "string",
                "3": "string",
                "4": "string",
                "5": "string",
                "6": "string",
                "7": "string",
                "8": "string",
                "9": "string"
            },
            "unit_node_node": {
                "0": "string",
                "1": "string",
                "2": "string",
                "3": "string",
                "4": "string",
                "5": "string",
                "6": "float"
            },
            "connection__node__node": {
                "0": "string",
                "1": "string",
                "2": "string",
                "3": "string",
                "4": "string",
                "5": "string",
                "6": "float"
            },
            "Model": {
                "0": "string",
                "1": "string",
                "2": "string",
                "3": "string",
                "4": "string",
                "5": "string",
                "6": "string",
                "7": "string",
                "8": "string",
                "9": "string",
                "10": "string",
                "11": "string",
                "12": "string"
            },
            "Node_commodity": {
                "0": "string",
                "1": "string",
                "2": "string"
            },
            "Initialize": {
                "0": "string",
                "1": "string"
            },
            "Connections_parameters_from": {
                "0": "string",
                "1": "string",
                "2": "string"
            },
            "Connection_parameters": {
                "0": "string",
                "1": "string"
            },
            "Parametrar": {
                "0": "string",
                "1": "string",
                "2": "string",
                "3": "string",
                "4": "string",
                "5": "string",
                "6": "string",
                "7": "string",
                "8": "string",
                "9": "string",
                "10": "string",
                "11": "string",
                "12": "string",
                "13": "string",
                "14": "string",
                "15": "string",
                "16": "string",
                "17": "string",
                "18": "string"
            },
            "README": {
                "0": "string"
            },
            "Prislista": {
                "0": "string",
                "1": "float"
            }
        },
        "table_default_column_type": {},
        "table_row_types": {},
        "source_type": "ExcelConnector"
    },
    "description": ""
}